{
  "robot_type": "DQ_SerialManipulatorDenso",
  "effector": [
    1.0
  ],
  "reference_frame": [
    1.0
  ],
  "angle_mode": "degree",
  "a": [
    0,
    0,
    -0.009968,
    0.000174,
    -2e-05,
    0,
    0
  ],
  "b": [
    0,
    -0.25,
    0,
    0,
    0,
    -0.005774490040758789,
    0
  ],
  "d": [
    0.345,
    0,
    0,
    0.25501,
    -0.000223,
    0.10600976425509849,
    0.14581846490788053
  ],
  "alpha": [
    -89.94,
    0.038,
    90.024,
    -89.9,
    89.988,
    180,
    0
  ],
  "beta": [
    0,
    0.007,
    0,
    0,
    0,
    90,
    0
  ],
  "gamma": [
    0,
    0.012,
    -0.009,
    -0.083,
    -0.018,
    0,
    0
  ],
  "lower_q_limit": [
    -170,
    -70,
    10,
    -270,
    -90,
    -360,
    -360
  ],
  "upper_q_limit": [
    170,
    120,
    151,
    270,
    120,
    360,
    360
  ],
  "lower_q_dot_limit": [
    -33,
    -32.1,
    -59.4,
    -60.5,
    -60.5,
    -90.8,
    -90
  ],
  "upper_q_dot_limit": [
    33,
    32.1,
    59.4,
    60.5,
    60.5,
    90.8,
    90
  ]
}