{
  "robot_type": "DQ_SerialManipulatorDenso",
  "effector": [
    1.0
  ],
  "reference_frame": [
    1.0
  ],
  "angle_mode": "degree",
  "a": [
    0,
    0,
    -0.009935,
    0.000182,
    -2e-05,
    0.12553421133338405
  ],
  "b": [
    0,
    -0.2501,
    0,
    0,
    0,
    -0.0011049507849924187
  ],
  "d": [
    0.345,
    0,
    0,
    0.25509,
    -0.00017,
    0.11019735523529263
  ],
  "alpha": [
    -89.94,
    0.039,
    90.018,
    -89.95,
    89.986,
    180
  ],
  "beta": [
    0,
    -0.009,
    0,
    0,
    0,
    90
  ],
  "gamma": [
    0,
    0.017,
    -0.015,
    -0.115,
    -0.013,
    0
  ],
  "lower_q_limit": [
    -170,
    -70,
    10,
    -270,
    -90,
    -360
  ],
  "upper_q_limit": [
    170,
    120,
    151,
    270,
    120,
    360
  ],
  "lower_q_dot_limit": [
    -33,
    -32.1,
    -59.4,
    -60.5,
    -60.5,
    -90.8
  ],
  "upper_q_dot_limit": [
    33,
    32.1,
    59.4,
    60.5,
    60.5,
    90.8
  ]
}