{
  "robot_type":"DQ_SerialManipulatorDenso",
  "effector":[1.0],
  "reference_frame":[1.0],
  "angle_mode":"degree",
  "a":    [0,     0,      -0.009968, 0.000174,  -0.00002,  0],
  "b":    [0,     -0.250,   0,      0,      0,      0],
  "d":    [0.345,   0,      0,      0.25501, -0.000223, 0.069963],
  "alpha":[-89.94,0.038,  90.024, -89.9,  89.988, 0],
  "beta": [0,     0.007,  0,      0,      0,      0],
  "gamma":[0,     0.012,  -0.009, -0.083, -0.018, 0],
  "lower_q_limit":[-170, -70, 10, -270, -90, -360],
  "upper_q_limit":[170, 120, 151, 270, 120, 360],
  "lower_q_dot_limit":[-33, -32.1, -59.40, -60.50, -60.50, -90.80],
  "upper_q_dot_limit":[33, 32.1, 59.40, 60.50, 60.50, 90.80]
}